Timestamp,Country,Current online courses,Preffered online courses,Enjoy online,Motivated online,Satisfied online,Engaging online,Distracted online,Actions online,Enjoy offline,Motivated offline,Satisfied offline,Engaging offline,Distracted offline,Actions online,Preferred course
5/21/2020 14:41:57,Argentina,Discussion forums/chats,Recorded Lectures/Videos,3,4,2,3,4,3,5,4,3,4,2,4,In-person Courses
5/21/2020 14:59:10,Argentina,Discussion forums/chats,Recorded Lectures/Videos,3,2,2,2,4,4,4,4,4,3,3,2,Online Courses
5/21/2020 17:05:44,Argentina,Discussion forums/chats,Recorded Lectures/Videos,5,4,5,5,3,4,4,4,4,4,3,2,Online Courses
5/21/2020 20:08:57,Argentina,Discussion forums/chats,"Live classes (ie: Zoom, google meet etc.)",3,3,2,2,5,2,5,5,4,3,3,4,In-person Courses
5/21/2020 14:38:55,Argentina,"Live classes (ie: Zoom, Google Meet etc.)","Live classes (ie: Zoom, google meet etc.)",3,3,3,3,1,2,1,1,1,1,1,2,In-person Courses
5/21/2020 14:47:37,Argentina,"Live classes (ie: Zoom, Google Meet etc.)","Live classes (ie: Zoom, google meet etc.)",2,3,2,3,4,4,4,5,4,4,1,4,In-person Courses
5/21/2020 14:48:29,Argentina,"Live classes (ie: Zoom, Google Meet etc.)","Live classes (ie: Zoom, google meet etc.)",2,1,2,1,4,1,4,3,3,3,2,3,In-person Courses
5/21/2020 14:48:48,Argentina,"Live classes (ie: Zoom, Google Meet etc.)","Live classes (ie: Zoom, google meet etc.)",4,2,5,4,4,4,5,5,4,4,3,5,In-person Courses
5/21/2020 15:00:40,Argentina,"Live classes (ie: Zoom, Google Meet etc.)","Live classes (ie: Zoom, google meet etc.)",3,2,2,2,4,5,5,5,4,5,2,5,In-person Courses
5/21/2020 15:08:55,Argentina,"Live classes (ie: Zoom, Google Meet etc.)",Recorded Lectures/Videos,2,3,4,3,4,2,4,4,4,4,2,3,In-person Courses
5/21/2020 15:15:39,Argentina,"Live classes (ie: Zoom, Google Meet etc.)",Recorded Lectures/Videos,2,2,2,2,4,4,4,4,4,4,4,2,In-person Courses
5/21/2020 15:46:25,Argentina,"Live classes (ie: Zoom, Google Meet etc.)","Live classes (ie: Zoom, google meet etc.)",4,4,5,4,3,4,5,5,5,4,3,4,In-person Courses
5/21/2020 18:06:43,Argentina,"Live classes (ie: Zoom, Google Meet etc.)","Live classes (ie: Zoom, google meet etc.)",4,4,2,3,3,5,4,3,3,2,2,5,In-person Courses
5/21/2020 19:46:02,Argentina,"Live classes (ie: Zoom, Google Meet etc.)","Live classes (ie: Zoom, google meet etc.)",3,2,5,5,3,1,5,5,5,5,1,1,In-person Courses
5/21/2020 20:43:50,Argentina,"Live classes (ie: Zoom, Google Meet etc.)","Live classes (ie: Zoom, google meet etc.)",4,3,4,3,3,3,5,5,5,5,2,3,In-person Courses
5/21/2020 22:23:35,Argentina,"Live classes (ie: Zoom, Google Meet etc.)","Live classes (ie: Zoom, google meet etc.)",1,3,3,2,4,4,4,4,4,4,2,4,In-person Courses
5/21/2020 22:52:51,Argentina,"Live classes (ie: Zoom, Google Meet etc.)","Live classes (ie: Zoom, google meet etc.)",3,3,4,4,4,4,5,5,5,4,2,5,In-person Courses
5/21/2020 23:26:08,Argentina,"Live classes (ie: Zoom, Google Meet etc.)","Live classes (ie: Zoom, google meet etc.)",4,4,3,4,2,4,4,5,4,5,2,5,In-person Courses
5/21/2020 23:38:44,Argentina,"Live classes (ie: Zoom, Google Meet etc.)",Recorded Lectures/Videos,4,5,4,3,3,3,5,3,3,4,3,3,Online Courses
5/22/2020 5:02:54,Argentina,"Live classes (ie: Zoom, Google Meet etc.)","Live classes (ie: Zoom, google meet etc.)",5,5,5,4,3,5,4,4,4,5,1,2,Online Courses
5/21/2020 14:54:30,Argentina,Recorded Lectures,"Live classes (ie: Zoom, google meet etc.)",4,3,2,2,4,4,4,4,5,4,3,4,Online Courses
5/21/2020 15:59:29,Argentina,Recorded Lectures,"Live classes (ie: Zoom, google meet etc.)",2,2,4,4,4,3,5,5,5,5,2,5,In-person Courses
5/21/2020 17:34:07,Argentina,Recorded Lectures,Recorded Lectures/Videos,4,3,3,3,4,3,5,5,5,3,2,5,In-person Courses
5/22/2020 8:53:14,Argentina,Recorded Lectures,Uploaded or emailed Materials,4,3,5,5,3,4,5,5,4,5,1,4,In-person Courses
5/21/2020 14:40:59,Argentina,Uploaded or emailed Materials,Recorded Lectures/Videos,4,1,2,1,5,1,4,3,2,2,4,4,In-person Courses
5/21/2020 15:08:05,Argentina,Uploaded or emailed Materials,Recorded Lectures/Videos,4,4,2,3,3,4,5,4,5,4,3,4,Online Courses
5/21/2020 15:40:38,Argentina,Uploaded or emailed Materials,"Live classes (ie: Zoom, google meet etc.)",1,1,3,2,4,3,5,4,4,4,3,3,In-person Courses
5/21/2020 16:39:18,Argentina,Uploaded or emailed Materials,"Live classes (ie: Zoom, google meet etc.)",3,2,3,3,4,2,4,3,3,3,3,3,In-person Courses
5/21/2020 22:53:45,Argentina,Uploaded or emailed Materials,"Live classes (ie: Zoom, google meet etc.)",5,4,5,4,3,5,5,5,4,4,2,3,In-person Courses
5/22/2020 8:31:55,Argentina,Uploaded or emailed Materials,"Live classes (ie: Zoom, google meet etc.)",2,2,2,3,5,2,4,4,1,3,4,2,In-person Courses
5/22/2020 11:54:36,Argentina,Uploaded or emailed Materials,"Live classes (ie: Zoom, google meet etc.)",5,4,3,5,4,5,4,3,1,3,4,3,Online Courses
5/21/2020 17:20:40,Australia,Discussion forums/chats,"Live classes (ie: Zoom, google meet etc.)",1,1,1,1,1,4,5,5,4,4,3,4,In-person Courses
5/21/2020 20:40:49,Australia,Discussion forums/chats,Recorded Lectures/Videos,4,4,4,5,4,2,4,4,4,4,1,5,Online Courses
5/21/2020 21:02:06,Australia,Discussion forums/chats,"Live classes (ie: Zoom, google meet etc.)",1,1,1,1,1,3,5,5,5,5,3,5,In-person Courses
5/22/2020 1:11:13,Australia,Discussion forums/chats,"Live classes (ie: Zoom, google meet etc.)",4,2,2,4,4,4,4,5,4,5,4,2,In-person Courses
5/21/2020 15:14:29,Australia,"Live classes (ie: Zoom, Google Meet etc.)",Recorded Lectures/Videos,3,3,4,4,5,2,5,5,5,4,3,4,In-person Courses
5/21/2020 15:21:35,Australia,"Live classes (ie: Zoom, Google Meet etc.)","Live classes (ie: Zoom, google meet etc.)",3,1,4,2,5,4,4,4,4,4,4,4,In-person Courses
5/21/2020 16:08:40,Australia,"Live classes (ie: Zoom, Google Meet etc.)",Discussion forums/chats,4,1,4,2,5,2,4,2,4,4,5,2,Online Courses
5/21/2020 16:28:24,Australia,"Live classes (ie: Zoom, Google Meet etc.)","Live classes (ie: Zoom, google meet etc.)",4,2,4,4,4,4,4,4,4,4,2,4,In-person Courses
5/21/2020 16:31:14,Australia,"Live classes (ie: Zoom, Google Meet etc.)","Live classes (ie: Zoom, google meet etc.)",4,4,4,4,3,4,4,3,3,4,5,3,Online Courses
5/21/2020 16:55:39,Australia,"Live classes (ie: Zoom, Google Meet etc.)",Recorded Lectures/Videos,4,4,4,5,5,4,4,3,5,5,3,5,In-person Courses
5/21/2020 17:12:44,Australia,"Live classes (ie: Zoom, Google Meet etc.)","Live classes (ie: Zoom, google meet etc.)",4,2,4,4,5,5,5,5,4,4,4,4,In-person Courses
5/21/2020 17:17:15,Australia,"Live classes (ie: Zoom, Google Meet etc.)","Live classes (ie: Zoom, google meet etc.)",3,2,1,2,4,4,4,4,4,4,1,5,In-person Courses
5/21/2020 17:19:14,Australia,"Live classes (ie: Zoom, Google Meet etc.)","Live classes (ie: Zoom, google meet etc.)",2,4,2,3,4,5,5,4,5,5,2,5,In-person Courses
5/21/2020 17:22:40,Australia,"Live classes (ie: Zoom, Google Meet etc.)","Live classes (ie: Zoom, google meet etc.)",3,4,4,4,4,5,5,5,5,5,5,5,In-person Courses
5/21/2020 17:29:22,Australia,"Live classes (ie: Zoom, Google Meet etc.)","Live classes (ie: Zoom, google meet etc.)",4,4,5,5,4,4,4,4,4,5,2,2,In-person Courses
5/21/2020 17:33:57,Australia,"Live classes (ie: Zoom, Google Meet etc.)","Live classes (ie: Zoom, google meet etc.)",3,3,2,3,4,4,4,4,4,4,1,4,In-person Courses
5/21/2020 17:46:12,Australia,"Live classes (ie: Zoom, Google Meet etc.)","Live classes (ie: Zoom, google meet etc.)",4,4,3,4,3,4,3,4,3,4,3,4,Online Courses
5/21/2020 17:51:16,Australia,"Live classes (ie: Zoom, Google Meet etc.)","Live classes (ie: Zoom, google meet etc.)",4,4,3,4,2,4,5,4,4,4,1,2,In-person Courses
5/21/2020 17:54:12,Australia,"Live classes (ie: Zoom, Google Meet etc.)",Recorded Lectures/Videos,2,2,2,2,4,2,5,5,5,4,3,4,In-person Courses
5/21/2020 17:57:27,Australia,"Live classes (ie: Zoom, Google Meet etc.)",Recorded Lectures/Videos,4,2,4,2,5,2,3,4,5,4,3,3,Online Courses
5/21/2020 17:57:38,Australia,"Live classes (ie: Zoom, Google Meet etc.)",Recorded Lectures/Videos,2,2,3,3,5,2,4,4,4,4,3,4,In-person Courses
5/21/2020 17:57:51,Australia,"Live classes (ie: Zoom, Google Meet etc.)","Live classes (ie: Zoom, google meet etc.)",4,3,4,3,4,4,4,4,4,4,2,3,Online Courses
5/21/2020 18:04:46,Australia,"Live classes (ie: Zoom, Google Meet etc.)","Live classes (ie: Zoom, google meet etc.)",4,4,3,4,1,5,4,5,5,5,2,4,In-person Courses
5/21/2020 18:06:43,Australia,"Live classes (ie: Zoom, Google Meet etc.)","Live classes (ie: Zoom, google meet etc.)",2,2,4,3,5,4,4,3,4,4,2,3,In-person Courses
5/21/2020 18:07:58,Australia,"Live classes (ie: Zoom, Google Meet etc.)","Live classes (ie: Zoom, google meet etc.)",2,2,4,4,4,4,5,4,5,4,2,4,In-person Courses
5/21/2020 18:16:51,Australia,"Live classes (ie: Zoom, Google Meet etc.)","Live classes (ie: Zoom, google meet etc.)",2,2,2,3,2,3,4,4,4,4,4,2,In-person Courses
5/21/2020 18:21:21,Australia,"Live classes (ie: Zoom, Google Meet etc.)","Live classes (ie: Zoom, google meet etc.)",2,2,1,2,4,3,4,4,4,4,2,4,In-person Courses
5/21/2020 18:22:56,Australia,"Live classes (ie: Zoom, Google Meet etc.)","Live classes (ie: Zoom, google meet etc.)",4,4,4,4,5,2,5,4,4,4,2,4,In-person Courses
5/21/2020 18:24:00,Australia,"Live classes (ie: Zoom, Google Meet etc.)","Live classes (ie: Zoom, google meet etc.)",3,3,4,4,2,4,5,4,4,4,2,4,In-person Courses
5/21/2020 18:27:12,Australia,"Live classes (ie: Zoom, Google Meet etc.)","Live classes (ie: Zoom, google meet etc.)",2,3,4,4,3,4,4,4,4,4,3,4,In-person Courses
5/21/2020 18:27:14,Australia,"Live classes (ie: Zoom, Google Meet etc.)","Live classes (ie: Zoom, google meet etc.)",5,4,5,5,5,5,5,4,5,5,4,2,In-person Courses
5/21/2020 18:27:27,Australia,"Live classes (ie: Zoom, Google Meet etc.)",Discussion forums/chats,3,3,3,2,3,4,4,4,3,4,2,2,In-person Courses
5/21/2020 18:37:41,Australia,"Live classes (ie: Zoom, Google Meet etc.)","Live classes (ie: Zoom, google meet etc.)",3,2,4,3,4,3,4,4,3,3,3,4,In-person Courses
5/21/2020 18:37:49,Australia,"Live classes (ie: Zoom, Google Meet etc.)",Recorded Lectures/Videos,2,3,5,3,5,5,5,5,5,4,4,5,In-person Courses
5/21/2020 18:43:00,Australia,"Live classes (ie: Zoom, Google Meet etc.)","Live classes (ie: Zoom, google meet etc.)",1,2,2,2,4,4,5,4,4,5,2,3,Online Courses
5/21/2020 18:45:03,Australia,"Live classes (ie: Zoom, Google Meet etc.)",Recorded Lectures/Videos,4,4,4,4,4,2,4,4,4,4,3,5,In-person Courses
5/21/2020 18:48:15,Australia,"Live classes (ie: Zoom, Google Meet etc.)","Live classes (ie: Zoom, google meet etc.)",3,2,2,4,5,4,4,4,4,4,3,4,In-person Courses
5/21/2020 18:52:16,Australia,"Live classes (ie: Zoom, Google Meet etc.)","Live classes (ie: Zoom, google meet etc.)",2,3,4,3,4,3,4,4,4,4,4,3,Online Courses
5/21/2020 18:55:53,Australia,"Live classes (ie: Zoom, Google Meet etc.)",Recorded Lectures/Videos,2,2,2,4,4,2,5,5,5,5,2,4,In-person Courses
5/21/2020 18:56:39,Australia,"Live classes (ie: Zoom, Google Meet etc.)","Live classes (ie: Zoom, google meet etc.)",3,2,2,4,5,3,5,3,4,3,2,3,In-person Courses
5/21/2020 18:57:21,Australia,"Live classes (ie: Zoom, Google Meet etc.)",Recorded Lectures/Videos,4,4,4,4,4,4,4,4,4,4,4,5,In-person Courses
5/21/2020 19:00:51,Australia,"Live classes (ie: Zoom, Google Meet etc.)",Recorded Lectures/Videos,3,2,2,2,5,2,4,4,4,4,2,4,In-person Courses
5/21/2020 19:03:27,Australia,"Live classes (ie: Zoom, Google Meet etc.)",Discussion forums/chats,1,1,1,1,5,2,4,4,4,4,2,4,In-person Courses
5/21/2020 19:04:22,Australia,"Live classes (ie: Zoom, Google Meet etc.)",Recorded Lectures/Videos,5,5,5,5,2,3,3,3,5,4,4,2,Online Courses
5/21/2020 19:09:52,Australia,"Live classes (ie: Zoom, Google Meet etc.)",Discussion forums/chats,2,2,2,4,4,4,4,4,4,4,2,4,In-person Courses
5/21/2020 19:23:00,Australia,"Live classes (ie: Zoom, Google Meet etc.)",Recorded Lectures/Videos,4,4,3,3,5,4,5,4,5,4,2,4,In-person Courses
5/21/2020 19:23:14,Australia,"Live classes (ie: Zoom, Google Meet etc.)","Live classes (ie: Zoom, google meet etc.)",4,3,5,3,4,1,5,5,4,4,1,4,In-person Courses
5/21/2020 19:24:27,Australia,"Live classes (ie: Zoom, Google Meet etc.)","Live classes (ie: Zoom, google meet etc.)",2,1,2,4,5,2,5,4,4,5,2,4,In-person Courses
5/21/2020 19:26:28,Australia,"Live classes (ie: Zoom, Google Meet etc.)","Live classes (ie: Zoom, google meet etc.)",3,4,4,5,5,4,5,5,5,5,3,4,In-person Courses
5/21/2020 19:35:04,Australia,"Live classes (ie: Zoom, Google Meet etc.)",Recorded Lectures/Videos,3,3,2,4,4,4,5,4,4,4,2,5,In-person Courses
5/21/2020 19:38:10,Australia,"Live classes (ie: Zoom, Google Meet etc.)",Recorded Lectures/Videos,2,4,2,4,5,2,5,5,5,5,2,4,In-person Courses
5/21/2020 19:42:27,Australia,"Live classes (ie: Zoom, Google Meet etc.)","Live classes (ie: Zoom, google meet etc.)",2,3,4,3,3,5,4,4,4,4,3,4,In-person Courses
5/21/2020 19:45:50,Australia,"Live classes (ie: Zoom, Google Meet etc.)","Live classes (ie: Zoom, google meet etc.)",2,2,3,4,4,2,4,4,4,4,4,2,In-person Courses
5/21/2020 19:51:21,Australia,"Live classes (ie: Zoom, Google Meet etc.)",Recorded Lectures/Videos,3,3,4,4,4,2,5,4,4,4,2,3,In-person Courses
5/21/2020 19:55:23,Australia,"Live classes (ie: Zoom, Google Meet etc.)","Live classes (ie: Zoom, google meet etc.)",3,4,4,4,4,4,4,5,4,5,2,4,In-person Courses
5/21/2020 20:11:40,Australia,"Live classes (ie: Zoom, Google Meet etc.)","Live classes (ie: Zoom, google meet etc.)",3,3,4,4,4,4,5,4,4,4,4,5,In-person Courses
5/21/2020 20:19:49,Australia,"Live classes (ie: Zoom, Google Meet etc.)","Live classes (ie: Zoom, google meet etc.)",2,2,4,4,5,4,5,5,5,5,4,5,In-person Courses
5/21/2020 20:22:42,Australia,"Live classes (ie: Zoom, Google Meet etc.)",Recorded Lectures/Videos,2,3,2,3,4,2,4,4,3,4,2,4,In-person Courses
5/21/2020 20:26:56,Australia,"Live classes (ie: Zoom, Google Meet etc.)","Live classes (ie: Zoom, google meet etc.)",3,4,3,4,4,4,4,5,5,5,2,5,In-person Courses
5/21/2020 20:30:33,Australia,"Live classes (ie: Zoom, Google Meet etc.)","Live classes (ie: Zoom, google meet etc.)",1,1,3,2,5,4,4,4,4,4,2,3,In-person Courses
5/21/2020 20:35:31,Australia,"Live classes (ie: Zoom, Google Meet etc.)","Live classes (ie: Zoom, google meet etc.)",4,3,3,4,4,5,5,5,4,4,2,3,In-person Courses
5/21/2020 20:37:36,Australia,"Live classes (ie: Zoom, Google Meet etc.)","Live classes (ie: Zoom, google meet etc.)",4,4,4,4,4,2,5,4,4,4,2,2,In-person Courses
5/21/2020 20:38:35,Australia,"Live classes (ie: Zoom, Google Meet etc.)","Live classes (ie: Zoom, google meet etc.)",3,3,4,3,4,4,5,5,4,5,2,4,In-person Courses
5/21/2020 21:00:06,Australia,"Live classes (ie: Zoom, Google Meet etc.)","Live classes (ie: Zoom, google meet etc.)",1,2,3,3,4,4,5,4,4,4,3,3,In-person Courses
5/21/2020 21:07:27,Australia,"Live classes (ie: Zoom, Google Meet etc.)","Live classes (ie: Zoom, google meet etc.)",2,1,3,2,5,4,4,5,4,4,3,4,In-person Courses
5/21/2020 21:14:56,Australia,"Live classes (ie: Zoom, Google Meet etc.)",Recorded Lectures/Videos,2,2,5,4,4,1,4,4,4,4,2,3,In-person Courses
5/21/2020 21:19:17,Australia,"Live classes (ie: Zoom, Google Meet etc.)","Live classes (ie: Zoom, google meet etc.)",1,1,1,1,5,4,5,4,4,4,2,2,In-person Courses
5/21/2020 21:22:22,Australia,"Live classes (ie: Zoom, Google Meet etc.)","Live classes (ie: Zoom, google meet etc.)",2,2,2,2,4,4,4,4,4,4,3,4,Online Courses
5/21/2020 21:31:26,Australia,"Live classes (ie: Zoom, Google Meet etc.)",Recorded Lectures/Videos,2,3,2,3,3,1,4,4,4,5,3,4,In-person Courses
5/21/2020 21:36:09,Australia,"Live classes (ie: Zoom, Google Meet etc.)","Live classes (ie: Zoom, google meet etc.)",3,4,3,3,3,4,5,4,4,4,2,4,In-person Courses
5/21/2020 22:03:06,Australia,"Live classes (ie: Zoom, Google Meet etc.)","Live classes (ie: Zoom, google meet etc.)",5,4,5,5,4,3,4,4,4,4,3,4,Online Courses
5/21/2020 22:06:34,Australia,"Live classes (ie: Zoom, Google Meet etc.)","Live classes (ie: Zoom, google meet etc.)",2,2,3,3,1,2,1,1,1,1,3,3,In-person Courses
5/21/2020 22:15:23,Australia,"Live classes (ie: Zoom, Google Meet etc.)","Live classes (ie: Zoom, google meet etc.)",2,2,2,2,3,4,4,5,4,3,2,4,In-person Courses
5/21/2020 22:19:27,Australia,"Live classes (ie: Zoom, Google Meet etc.)","Live classes (ie: Zoom, google meet etc.)",2,2,4,4,4,5,5,5,5,5,2,4,In-person Courses
5/21/2020 22:39:12,Australia,"Live classes (ie: Zoom, Google Meet etc.)","Live classes (ie: Zoom, google meet etc.)",2,3,3,2,5,1,4,4,4,3,2,3,In-person Courses
5/21/2020 22:42:52,Australia,"Live classes (ie: Zoom, Google Meet etc.)",Uploaded or emailed Materials,1,2,2,2,5,4,4,5,5,5,2,5,In-person Courses
5/21/2020 23:07:35,Australia,"Live classes (ie: Zoom, Google Meet etc.)","Live classes (ie: Zoom, google meet etc.)",2,4,3,3,4,2,5,4,4,4,3,4,In-person Courses
5/21/2020 23:16:18,Australia,"Live classes (ie: Zoom, Google Meet etc.)","Live classes (ie: Zoom, google meet etc.)",3,2,5,4,4,4,5,4,5,5,3,4,In-person Courses
5/21/2020 23:16:53,Australia,"Live classes (ie: Zoom, Google Meet etc.)","Live classes (ie: Zoom, google meet etc.)",2,4,4,4,2,5,5,4,4,4,2,5,In-person Courses
5/21/2020 23:26:17,Australia,"Live classes (ie: Zoom, Google Meet etc.)","Live classes (ie: Zoom, google meet etc.)",2,2,3,2,5,2,5,4,4,4,2,3,In-person Courses
5/21/2020 23:29:16,Australia,"Live classes (ie: Zoom, Google Meet etc.)","Live classes (ie: Zoom, google meet etc.)",2,4,4,2,4,4,5,4,4,4,2,5,In-person Courses
5/21/2020 23:34:18,Australia,"Live classes (ie: Zoom, Google Meet etc.)",Recorded Lectures/Videos,4,5,3,4,2,2,4,5,3,3,4,4,Online Courses
5/21/2020 23:55:43,Australia,"Live classes (ie: Zoom, Google Meet etc.)","Live classes (ie: Zoom, google meet etc.)",3,2,3,3,4,2,4,4,4,4,2,3,In-person Courses
5/22/2020 0:29:28,Australia,"Live classes (ie: Zoom, Google Meet etc.)","Live classes (ie: Zoom, google meet etc.)",4,3,4,2,5,5,5,5,4,4,4,3,In-person Courses
5/22/2020 0:34:36,Australia,"Live classes (ie: Zoom, Google Meet etc.)","Live classes (ie: Zoom, google meet etc.)",3,2,4,4,5,2,4,4,4,4,3,3,In-person Courses
5/22/2020 0:41:14,Australia,"Live classes (ie: Zoom, Google Meet etc.)","Live classes (ie: Zoom, google meet etc.)",1,2,3,3,4,4,5,5,5,5,2,5,In-person Courses
5/22/2020 0:57:51,Australia,"Live classes (ie: Zoom, Google Meet etc.)","Live classes (ie: Zoom, google meet etc.)",4,3,3,4,4,4,5,5,4,5,1,5,In-person Courses
5/22/2020 1:23:54,Australia,"Live classes (ie: Zoom, Google Meet etc.)","Live classes (ie: Zoom, google meet etc.)",3,3,2,2,4,5,4,4,4,4,3,4,In-person Courses
5/22/2020 1:43:56,Australia,"Live classes (ie: Zoom, Google Meet etc.)","Live classes (ie: Zoom, google meet etc.)",4,3,5,4,5,5,4,3,2,3,5,1,Online Courses
5/22/2020 1:45:23,Australia,"Live classes (ie: Zoom, Google Meet etc.)","Live classes (ie: Zoom, google meet etc.)",3,4,4,5,4,5,5,5,5,5,2,4,In-person Courses
5/22/2020 1:49:27,Australia,"Live classes (ie: Zoom, Google Meet etc.)","Live classes (ie: Zoom, google meet etc.)",2,3,3,4,5,4,5,4,4,4,2,5,In-person Courses
5/22/2020 2:42:02,Australia,"Live classes (ie: Zoom, Google Meet etc.)","Live classes (ie: Zoom, google meet etc.)",5,5,5,4,1,5,5,5,5,5,1,3,In-person Courses
5/22/2020 3:26:43,Australia,"Live classes (ie: Zoom, Google Meet etc.)","Live classes (ie: Zoom, google meet etc.)",5,5,4,5,2,4,4,4,5,5,3,4,Online Courses
5/22/2020 3:29:32,Australia,"Live classes (ie: Zoom, Google Meet etc.)","Live classes (ie: Zoom, google meet etc.)",3,2,5,4,4,2,5,4,5,5,1,2,In-person Courses
5/22/2020 3:50:26,Australia,"Live classes (ie: Zoom, Google Meet etc.)","Live classes (ie: Zoom, google meet etc.)",3,2,2,3,4,3,4,4,4,4,2,3,In-person Courses
5/22/2020 5:33:55,Australia,"Live classes (ie: Zoom, Google Meet etc.)","Live classes (ie: Zoom, google meet etc.)",4,3,2,2,4,3,4,5,4,4,3,4,Online Courses
5/22/2020 6:03:46,Australia,"Live classes (ie: Zoom, Google Meet etc.)",Recorded Lectures/Videos,4,5,4,5,3,5,5,5,5,5,4,2,Online Courses
5/22/2020 7:00:20,Australia,"Live classes (ie: Zoom, Google Meet etc.)",Recorded Lectures/Videos,5,4,3,3,5,4,4,3,5,5,3,2,Online Courses
5/22/2020 7:39:47,Australia,"Live classes (ie: Zoom, Google Meet etc.)","Live classes (ie: Zoom, google meet etc.)",3,3,2,3,3,2,4,4,4,4,2,3,In-person Courses
5/22/2020 8:40:08,Australia,"Live classes (ie: Zoom, Google Meet etc.)","Live classes (ie: Zoom, google meet etc.)",2,4,2,3,4,5,4,4,3,4,2,5,In-person Courses
5/22/2020 10:04:50,Australia,"Live classes (ie: Zoom, Google Meet etc.)","Live classes (ie: Zoom, google meet etc.)",3,2,4,3,5,4,5,5,5,5,1,4,In-person Courses
5/22/2020 10:24:03,Australia,"Live classes (ie: Zoom, Google Meet etc.)",Recorded Lectures/Videos,4,4,4,3,2,4,3,4,3,3,2,3,Online Courses
5/22/2020 12:51:03,Australia,"Live classes (ie: Zoom, Google Meet etc.)","Live classes (ie: Zoom, google meet etc.)",4,4,2,3,4,5,5,4,4,4,1,3,In-person Courses
5/22/2020 14:09:55,Australia,"Live classes (ie: Zoom, Google Meet etc.)",Recorded Lectures/Videos,2,5,3,5,2,5,5,5,5,5,1,4,In-person Courses
5/21/2020 15:26:01,Australia,Recorded Lectures,Recorded Lectures/Videos,3,4,4,4,4,4,4,4,4,4,2,3,Online Courses
5/21/2020 15:58:49,Australia,Recorded Lectures,"Live classes (ie: Zoom, google meet etc.)",2,1,3,3,4,3,4,4,4,3,4,4,In-person Courses
5/21/2020 16:35:01,Australia,Recorded Lectures,"Live classes (ie: Zoom, google meet etc.)",1,1,2,1,5,3,4,5,5,5,2,4,In-person Courses
5/21/2020 16:39:18,Australia,Recorded Lectures,Recorded Lectures/Videos,4,3,4,4,4,2,4,4,4,4,2,2,Online Courses
5/21/2020 16:39:43,Australia,Recorded Lectures,"Live classes (ie: Zoom, google meet etc.)",4,4,4,4,2,5,5,4,4,4,2,4,In-person Courses
5/21/2020 16:49:15,Australia,Recorded Lectures,Recorded Lectures/Videos,4,2,3,3,4,1,4,4,4,4,2,4,Online Courses
5/21/2020 16:55:06,Australia,Recorded Lectures,"Live classes (ie: Zoom, google meet etc.)",4,3,4,5,3,2,5,5,5,5,2,3,In-person Courses
5/21/2020 16:55:54,Australia,Recorded Lectures,"Live classes (ie: Zoom, google meet etc.)",4,2,3,3,5,2,4,4,4,4,4,1,In-person Courses
5/21/2020 17:13:56,Australia,Recorded Lectures,"Live classes (ie: Zoom, google meet etc.)",4,2,4,3,5,4,5,5,4,4,2,2,In-person Courses
5/21/2020 17:15:35,Australia,Recorded Lectures,Recorded Lectures/Videos,2,2,4,4,5,5,5,5,5,5,2,5,In-person Courses
5/21/2020 17:29:42,Australia,Recorded Lectures,"Live classes (ie: Zoom, google meet etc.)",1,4,2,4,5,1,5,4,5,5,1,5,In-person Courses
5/21/2020 17:42:15,Australia,Recorded Lectures,Recorded Lectures/Videos,3,2,4,4,5,4,4,4,3,3,2,4,In-person Courses
5/21/2020 17:45:25,Australia,Recorded Lectures,Recorded Lectures/Videos,3,2,3,3,5,2,5,5,4,4,3,3,In-person Courses
5/21/2020 17:48:24,Australia,Recorded Lectures,Recorded Lectures/Videos,4,4,4,4,4,2,4,4,3,4,3,3,Online Courses
5/21/2020 17:48:31,Australia,Recorded Lectures,"Live classes (ie: Zoom, google meet etc.)",2,2,2,2,3,4,5,5,5,4,2,4,In-person Courses
5/21/2020 17:52:30,Australia,Recorded Lectures,"Live classes (ie: Zoom, google meet etc.)",4,3,2,1,4,3,5,4,4,3,3,5,In-person Courses
5/21/2020 17:56:50,Australia,Recorded Lectures,Recorded Lectures/Videos,2,2,4,4,5,2,4,4,4,4,1,4,In-person Courses
5/21/2020 18:15:05,Australia,Recorded Lectures,"Live classes (ie: Zoom, google meet etc.)",2,2,2,3,4,4,4,4,4,4,3,4,In-person Courses
5/21/2020 18:15:08,Australia,Recorded Lectures,Recorded Lectures/Videos,4,3,2,2,4,3,4,4,3,3,2,5,Online Courses
5/21/2020 18:16:10,Australia,Recorded Lectures,Recorded Lectures/Videos,4,4,3,5,2,3,4,4,4,4,2,4,In-person Courses
5/21/2020 18:30:35,Australia,Recorded Lectures,Uploaded or emailed Materials,5,4,4,4,2,2,4,4,4,4,4,4,Online Courses
5/21/2020 18:33:27,Australia,Recorded Lectures,"Live classes (ie: Zoom, google meet etc.)",3,4,4,4,5,3,4,4,5,5,2,4,In-person Courses
5/21/2020 18:33:51,Australia,Recorded Lectures,Recorded Lectures/Videos,3,2,4,4,4,2,5,4,4,4,2,3,In-person Courses
5/21/2020 18:41:19,Australia,Recorded Lectures,Recorded Lectures/Videos,3,2,4,3,4,5,5,5,5,5,4,5,In-person Courses
5/21/2020 18:42:50,Australia,Recorded Lectures,Recorded Lectures/Videos,2,2,3,3,4,1,4,4,4,4,2,4,In-person Courses
5/21/2020 18:52:01,Australia,Recorded Lectures,Uploaded or emailed Materials,4,4,2,2,5,2,4,4,2,2,4,4,Online Courses
5/21/2020 18:52:55,Australia,Recorded Lectures,Recorded Lectures/Videos,2,2,3,3,4,1,5,4,4,5,3,4,In-person Courses
5/21/2020 18:53:03,Australia,Recorded Lectures,"Live classes (ie: Zoom, google meet etc.)",3,2,3,4,4,3,5,4,4,4,3,3,In-person Courses
5/21/2020 18:59:15,Australia,Recorded Lectures,Recorded Lectures/Videos,4,4,4,4,4,2,4,4,4,4,4,2,In-person Courses
5/21/2020 19:00:20,Australia,Recorded Lectures,"Live classes (ie: Zoom, google meet etc.)",4,3,4,4,2,4,4,3,4,4,4,2,In-person Courses
5/21/2020 19:08:39,Australia,Recorded Lectures,Recorded Lectures/Videos,4,5,4,4,2,4,5,4,5,4,2,4,In-person Courses
5/21/2020 19:10:15,Australia,Recorded Lectures,"Live classes (ie: Zoom, google meet etc.)",2,3,3,4,5,2,5,4,5,5,2,2,In-person Courses
5/21/2020 19:26:35,Australia,Recorded Lectures,"Live classes (ie: Zoom, google meet etc.)",2,4,3,4,4,3,4,4,4,4,3,4,In-person Courses
5/21/2020 19:28:29,Australia,Recorded Lectures,"Live classes (ie: Zoom, google meet etc.)",1,2,1,2,4,5,5,4,4,3,4,5,In-person Courses
5/21/2020 19:30:46,Australia,Recorded Lectures,"Live classes (ie: Zoom, google meet etc.)",3,2,3,3,4,4,3,3,4,3,3,3,In-person Courses
5/21/2020 19:37:23,Australia,Recorded Lectures,Recorded Lectures/Videos,4,4,3,3,4,2,4,4,4,3,4,2,Online Courses
5/21/2020 19:43:03,Australia,Recorded Lectures,"Live classes (ie: Zoom, google meet etc.)",4,4,3,3,2,4,4,4,3,4,4,1,Online Courses
5/21/2020 19:43:40,Australia,Recorded Lectures,Recorded Lectures/Videos,4,4,4,3,5,2,3,4,4,4,2,5,In-person Courses
5/21/2020 19:44:21,Australia,Recorded Lectures,Recorded Lectures/Videos,4,2,4,4,5,2,4,4,4,5,3,2,Online Courses
5/21/2020 19:51:00,Australia,Recorded Lectures,Recorded Lectures/Videos,2,2,4,4,4,4,5,4,4,4,1,4,In-person Courses
5/21/2020 19:55:24,Australia,Recorded Lectures,"Live classes (ie: Zoom, google meet etc.)",4,4,2,2,3,2,4,4,3,3,4,3,In-person Courses
5/21/2020 19:56:40,Australia,Recorded Lectures,Discussion forums/chats,2,2,2,4,5,3,4,2,4,5,2,5,In-person Courses
5/21/2020 20:03:19,Australia,Recorded Lectures,"Live classes (ie: Zoom, google meet etc.)",2,1,3,2,5,4,5,4,5,4,3,4,In-person Courses
5/21/2020 20:23:45,Australia,Recorded Lectures,"Live classes (ie: Zoom, google meet etc.)",2,4,4,4,3,3,4,4,4,4,3,4,In-person Courses
5/21/2020 20:29:20,Australia,Recorded Lectures,"Live classes (ie: Zoom, google meet etc.)",2,2,1,3,5,2,5,4,4,4,3,3,In-person Courses
5/21/2020 20:31:38,Australia,Recorded Lectures,"Live classes (ie: Zoom, google meet etc.)",4,4,3,4,4,4,5,4,3,4,4,3,In-person Courses
5/21/2020 20:37:14,Australia,Recorded Lectures,"Live classes (ie: Zoom, google meet etc.)",5,4,4,4,2,5,5,2,5,5,5,5,In-person Courses
5/21/2020 20:43:05,Australia,Recorded Lectures,Recorded Lectures/Videos,1,2,2,3,5,4,5,4,5,5,2,2,In-person Courses
5/21/2020 20:50:42,Australia,Recorded Lectures,Recorded Lectures/Videos,3,1,2,5,5,2,4,4,4,4,4,2,In-person Courses
5/21/2020 20:55:13,Australia,Recorded Lectures,Discussion forums/chats,2,2,4,4,4,4,4,4,4,4,2,5,In-person Courses
5/21/2020 20:56:16,Australia,Recorded Lectures,"Live classes (ie: Zoom, google meet etc.)",1,1,3,3,5,5,5,5,5,5,1,1,In-person Courses
5/21/2020 20:56:38,Australia,Recorded Lectures,"Live classes (ie: Zoom, google meet etc.)",1,1,2,2,5,2,5,4,4,4,2,4,In-person Courses
5/21/2020 21:00:27,Australia,Recorded Lectures,"Live classes (ie: Zoom, google meet etc.)",3,2,4,3,4,4,4,4,4,4,3,5,In-person Courses
5/21/2020 21:22:41,Australia,Recorded Lectures,Uploaded or emailed Materials,2,2,2,2,5,2,4,4,4,4,3,3,In-person Courses
5/21/2020 21:28:23,Australia,Recorded Lectures,Uploaded or emailed Materials,2,1,3,3,5,1,5,5,4,4,2,5,In-person Courses
5/21/2020 21:31:19,Australia,Recorded Lectures,"Live classes (ie: Zoom, google meet etc.)",2,2,2,4,4,2,4,4,4,4,2,4,In-person Courses
5/21/2020 21:38:28,Australia,Recorded Lectures,Recorded Lectures/Videos,4,4,3,3,4,3,4,4,4,4,3,4,In-person Courses
5/21/2020 21:50:04,Australia,Recorded Lectures,"Live classes (ie: Zoom, google meet etc.)",2,2,2,2,5,2,5,5,4,4,3,5,In-person Courses
5/21/2020 21:50:57,Australia,Recorded Lectures,"Live classes (ie: Zoom, google meet etc.)",4,4,2,2,2,2,4,4,4,4,2,4,In-person Courses
5/21/2020 21:59:09,Australia,Recorded Lectures,"Live classes (ie: Zoom, google meet etc.)",2,2,3,3,5,3,4,4,4,4,3,2,In-person Courses
5/21/2020 22:11:17,Australia,Recorded Lectures,"Live classes (ie: Zoom, google meet etc.)",4,2,2,2,4,3,4,4,3,4,4,3,In-person Courses
5/21/2020 22:38:42,Australia,Recorded Lectures,"Live classes (ie: Zoom, google meet etc.)",4,4,4,4,4,2,4,5,5,4,4,5,Online Courses
5/21/2020 22:42:02,Australia,Recorded Lectures,"Live classes (ie: Zoom, google meet etc.)",3,4,4,4,4,3,4,5,4,4,2,4,In-person Courses
5/21/2020 22:46:14,Australia,Recorded Lectures,"Live classes (ie: Zoom, google meet etc.)",2,1,2,2,5,2,4,4,3,3,3,3,Online Courses
5/21/2020 22:52:35,Australia,Recorded Lectures,"Live classes (ie: Zoom, google meet etc.)",1,2,2,2,5,2,5,4,4,4,3,4,In-person Courses
5/21/2020 23:00:23,Australia,Recorded Lectures,Recorded Lectures/Videos,1,2,3,4,4,1,5,4,4,4,2,4,In-person Courses
5/21/2020 23:23:46,Australia,Recorded Lectures,Recorded Lectures/Videos,1,3,2,2,5,1,4,4,3,3,3,2,In-person Courses
5/21/2020 23:35:51,Australia,Recorded Lectures,"Live classes (ie: Zoom, google meet etc.)",5,4,3,4,4,3,3,4,4,3,4,4,Online Courses
5/21/2020 23:53:34,Australia,Recorded Lectures,"Live classes (ie: Zoom, google meet etc.)",4,5,4,4,2,3,4,5,4,5,1,4,Online Courses
5/21/2020 23:56:04,Australia,Recorded Lectures,"Live classes (ie: Zoom, google meet etc.)",2,2,4,4,4,4,5,5,4,4,3,4,In-person Courses
5/22/2020 0:24:45,Australia,Recorded Lectures,"Live classes (ie: Zoom, google meet etc.)",2,2,3,4,5,2,4,4,3,4,3,4,In-person Courses
5/22/2020 0:42:08,Australia,Recorded Lectures,Recorded Lectures/Videos,2,1,4,3,4,4,5,5,4,5,3,4,In-person Courses
5/22/2020 0:48:58,Australia,Recorded Lectures,Recorded Lectures/Videos,4,2,3,3,5,2,4,4,5,5,4,5,In-person Courses
5/22/2020 1:16:58,Australia,Recorded Lectures,Recorded Lectures/Videos,4,2,3,2,5,1,5,4,5,5,3,2,In-person Courses
5/22/2020 1:55:30,Australia,Recorded Lectures,"Live classes (ie: Zoom, google meet etc.)",4,4,4,3,3,3,5,5,3,3,4,5,Online Courses
5/22/2020 2:54:39,Australia,Recorded Lectures,"Live classes (ie: Zoom, google meet etc.)",3,2,3,3,4,5,5,4,4,4,2,5,In-person Courses
5/22/2020 3:28:38,Australia,Recorded Lectures,Uploaded or emailed Materials,4,2,4,2,5,2,5,5,4,4,3,4,In-person Courses
5/22/2020 3:32:39,Australia,Recorded Lectures,Discussion forums/chats,3,3,2,2,4,1,4,3,3,3,2,3,In-person Courses
5/22/2020 4:12:43,Australia,Recorded Lectures,Recorded Lectures/Videos,3,2,3,3,5,3,5,4,4,4,4,4,In-person Courses
5/22/2020 4:47:40,Australia,Recorded Lectures,"Live classes (ie: Zoom, google meet etc.)",2,2,5,4,5,4,5,5,4,5,2,4,In-person Courses
5/22/2020 4:58:53,Australia,Recorded Lectures,"Live classes (ie: Zoom, google meet etc.)",2,2,3,3,4,3,4,4,4,4,2,3,In-person Courses
5/22/2020 6:07:28,Australia,Recorded Lectures,Recorded Lectures/Videos,4,5,4,4,2,4,4,5,3,3,2,3,Online Courses
5/22/2020 6:17:30,Australia,Recorded Lectures,Discussion forums/chats,4,3,4,4,4,4,5,5,4,5,3,4,In-person Courses
5/22/2020 6:54:12,Australia,Recorded Lectures,Recorded Lectures/Videos,2,2,2,2,4,4,4,4,3,4,4,2,In-person Courses
5/22/2020 9:19:58,Australia,Recorded Lectures,Recorded Lectures/Videos,4,4,4,3,3,4,4,4,4,4,3,3,In-person Courses
5/22/2020 9:26:57,Australia,Recorded Lectures,"Live classes (ie: Zoom, google meet etc.)",1,1,3,2,5,4,4,4,4,4,2,4,In-person Courses
5/22/2020 9:33:24,Australia,Recorded Lectures,Recorded Lectures/Videos,2,2,2,2,4,2,5,5,4,5,2,2,In-person Courses
5/22/2020 10:01:55,Australia,Recorded Lectures,"Live classes (ie: Zoom, google meet etc.)",2,3,2,2,4,3,4,4,4,4,4,3,In-person Courses
5/22/2020 10:36:19,Australia,Recorded Lectures,"Live classes (ie: Zoom, google meet etc.)",3,2,2,4,4,2,4,4,5,5,2,4,In-person Courses
5/21/2020 15:39:39,Australia,Uploaded or emailed Materials,Uploaded or emailed Materials,5,4,4,5,3,4,3,4,4,5,3,4,Online Courses
5/21/2020 17:30:24,Australia,Uploaded or emailed Materials,"Live classes (ie: Zoom, google meet etc.)",2,1,1,3,5,1,4,4,4,3,3,2,In-person Courses
5/21/2020 18:43:52,Australia,Uploaded or emailed Materials,"Live classes (ie: Zoom, google meet etc.)",4,2,3,4,3,4,4,4,3,3,2,2,Online Courses
5/21/2020 19:26:16,Australia,Uploaded or emailed Materials,"Live classes (ie: Zoom, google meet etc.)",2,3,3,2,4,3,5,4,5,4,3,5,In-person Courses
5/21/2020 20:55:50,Australia,Uploaded or emailed Materials,Uploaded or emailed Materials,4,4,3,4,2,3,5,4,4,4,1,4,In-person Courses
5/21/2020 22:16:27,Australia,Uploaded or emailed Materials,Uploaded or emailed Materials,4,3,3,3,5,2,4,4,4,3,2,2,In-person Courses
5/21/2020 23:55:15,Australia,Uploaded or emailed Materials,Recorded Lectures/Videos,1,1,1,1,4,3,4,4,4,4,2,4,In-person Courses
5/22/2020 1:58:09,Australia,Uploaded or emailed Materials,Uploaded or emailed Materials,2,2,4,3,4,1,4,4,5,3,3,1,In-person Courses
5/22/2020 5:49:43,Australia,Uploaded or emailed Materials,"Live classes (ie: Zoom, google meet etc.)",2,2,3,3,5,1,5,5,4,2,1,4,In-person Courses
5/21/2020 14:38:18,South Africa,"Live classes (ie: Zoom, Google Meet etc.)",Uploaded or emailed Materials,2,2,2,2,1,2,1,1,1,3,1,1,In-person Courses
5/21/2020 14:59:37,South Africa,"Live classes (ie: Zoom, Google Meet etc.)",Recorded Lectures/Videos,2,2,4,4,5,1,4,4,4,4,2,4,In-person Courses
5/21/2020 15:40:39,South Africa,"Live classes (ie: Zoom, Google Meet etc.)","Live classes (ie: Zoom, google meet etc.)",4,3,3,4,4,4,4,5,4,4,4,3,Online Courses
5/22/2020 1:50:50,South Africa,"Live classes (ie: Zoom, Google Meet etc.)",Recorded Lectures/Videos,1,1,1,5,5,1,5,5,5,5,3,4,In-person Courses
5/21/2020 14:42:55,South Africa,Recorded Lectures,Recorded Lectures/Videos,3,1,3,3,3,2,3,3,3,3,2,1,In-person Courses
5/21/2020 15:02:45,South Africa,Recorded Lectures,"Live classes (ie: Zoom, google meet etc.)",2,1,3,4,5,5,5,4,4,4,3,5,In-person Courses
5/21/2020 15:06:35,South Africa,Recorded Lectures,Uploaded or emailed Materials,3,4,4,3,4,2,5,5,4,5,2,4,In-person Courses
5/21/2020 15:07:19,South Africa,Recorded Lectures,Recorded Lectures/Videos,5,3,3,3,3,1,3,3,4,4,2,2,Online Courses
5/21/2020 15:10:34,South Africa,Recorded Lectures,Recorded Lectures/Videos,4,4,4,4,3,3,4,5,4,4,4,3,In-person Courses
5/21/2020 15:15:30,South Africa,Recorded Lectures,"Live classes (ie: Zoom, google meet etc.)",2,2,2,3,4,2,5,4,4,4,2,3,In-person Courses
5/21/2020 15:21:21,South Africa,Recorded Lectures,Recorded Lectures/Videos,3,3,2,3,4,2,4,4,3,4,2,1,In-person Courses
5/21/2020 15:22:43,South Africa,Recorded Lectures,Recorded Lectures/Videos,2,3,4,4,3,3,5,4,4,5,2,3,In-person Courses
5/21/2020 15:49:59,South Africa,Recorded Lectures,Recorded Lectures/Videos,2,4,2,2,4,2,5,5,4,4,2,2,In-person Courses
5/21/2020 16:18:47,South Africa,Recorded Lectures,"Live classes (ie: Zoom, google meet etc.)",4,3,3,4,3,1,4,3,2,3,4,2,Online Courses
5/21/2020 16:36:47,South Africa,Recorded Lectures,Recorded Lectures/Videos,4,4,4,4,5,4,4,4,4,4,3,3,In-person Courses
5/21/2020 18:13:07,South Africa,Recorded Lectures,Recorded Lectures/Videos,4,2,5,4,4,4,5,4,5,5,2,3,In-person Courses
5/22/2020 3:00:40,South Africa,Recorded Lectures,Recorded Lectures/Videos,3,2,5,5,4,5,5,5,5,5,1,4,In-person Courses
5/22/2020 4:25:18,South Africa,Recorded Lectures,Recorded Lectures/Videos,3,2,4,3,1,4,5,4,5,5,2,3,In-person Courses
5/22/2020 6:26:35,South Africa,Recorded Lectures,Recorded Lectures/Videos,3,3,1,5,5,4,5,5,5,5,3,4,In-person Courses
5/22/2020 7:50:02,South Africa,Recorded Lectures,Recorded Lectures/Videos,3,2,4,4,4,4,5,5,4,4,2,4,In-person Courses
5/22/2020 13:19:57,South Africa,Recorded Lectures,Recorded Lectures/Videos,4,4,2,3,5,2,4,2,3,3,4,1,Online Courses
5/22/2020 14:15:37,South Africa,Recorded Lectures,Recorded Lectures/Videos,5,3,4,4,2,4,4,4,4,4,3,2,In-person Courses
5/21/2020 14:45:57,South Africa,Uploaded or emailed Materials,Recorded Lectures/Videos,4,4,2,3,2,5,5,3,4,4,3,3,In-person Courses
5/21/2020 15:02:35,South Africa,Uploaded or emailed Materials,"Live classes (ie: Zoom, google meet etc.)",1,2,2,2,4,3,4,4,4,4,2,4,In-person Courses
5/21/2020 15:14:17,South Africa,Uploaded or emailed Materials,Recorded Lectures/Videos,4,2,4,2,5,1,4,4,4,4,2,2,In-person Courses
5/21/2020 15:44:33,South Africa,Uploaded or emailed Materials,"Live classes (ie: Zoom, google meet etc.)",2,2,4,4,4,5,4,5,4,5,3,5,In-person Courses
5/21/2020 16:03:06,South Africa,Uploaded or emailed Materials,Recorded Lectures/Videos,3,3,4,3,2,4,4,4,3,4,3,3,In-person Courses
5/21/2020 16:11:48,South Africa,Uploaded or emailed Materials,Recorded Lectures/Videos,3,3,4,4,3,2,5,4,3,4,4,1,In-person Courses
5/21/2020 16:15:19,South Africa,Uploaded or emailed Materials,Recorded Lectures/Videos,1,2,4,3,3,3,5,5,5,4,4,3,In-person Courses
5/21/2020 16:18:48,South Africa,Uploaded or emailed Materials,"Live classes (ie: Zoom, google meet etc.)",2,4,1,3,4,2,4,4,4,4,2,3,In-person Courses
5/21/2020 17:43:33,South Africa,Uploaded or emailed Materials,Recorded Lectures/Videos,4,3,4,2,2,2,2,4,4,4,4,4,Online Courses
5/22/2020 1:38:44,South Africa,Uploaded or emailed Materials,Recorded Lectures/Videos,4,4,3,3,4,1,4,4,4,4,3,1,In-person Courses
5/22/2020 1:50:34,South Africa,Uploaded or emailed Materials,Recorded Lectures/Videos,4,5,2,1,4,1,4,3,4,3,5,4,Online Courses
5/22/2020 2:41:17,South Africa,Uploaded or emailed Materials,Recorded Lectures/Videos,2,2,2,2,4,2,4,4,3,4,2,3,In-person Courses
5/22/2020 3:22:56,South Africa,Uploaded or emailed Materials,Recorded Lectures/Videos,3,4,2,3,3,2,5,5,4,5,1,2,In-person Courses
5/22/2020 3:25:34,South Africa,Uploaded or emailed Materials,Recorded Lectures/Videos,4,4,3,4,5,2,5,4,5,5,4,3,In-person Courses
5/22/2020 5:04:04,South Africa,Uploaded or emailed Materials,"Live classes (ie: Zoom, google meet etc.)",2,2,2,2,4,1,4,4,4,4,3,4,In-person Courses
5/22/2020 8:03:30,South Africa,Uploaded or emailed Materials,Recorded Lectures/Videos,2,4,3,4,5,4,4,3,4,4,2,1,In-person Courses
5/22/2020 10:27:32,South Africa,Uploaded or emailed Materials,Recorded Lectures/Videos,1,2,2,3,4,2,4,4,3,4,2,3,In-person Courses
5/21/2020 14:39:01,Portugal,"Live classes (ie: Zoom, Google Meet etc.)","Live classes (ie: Zoom, google meet etc.)",3,2,1,2,4,2,5,5,3,3,2,5,In-person Courses
5/21/2020 14:39:34,Portugal,"Live classes (ie: Zoom, Google Meet etc.)","Live classes (ie: Zoom, google meet etc.)",4,3,5,5,4,5,5,5,5,5,4,4,In-person Courses
5/21/2020 14:39:53,Portugal,"Live classes (ie: Zoom, Google Meet etc.)","Live classes (ie: Zoom, google meet etc.)",4,4,4,4,4,1,4,4,4,4,3,2,In-person Courses
5/21/2020 14:40:04,Portugal,"Live classes (ie: Zoom, Google Meet etc.)","Live classes (ie: Zoom, google meet etc.)",3,3,3,1,4,2,5,4,4,3,2,4,In-person Courses
5/21/2020 14:41:11,Portugal,"Live classes (ie: Zoom, Google Meet etc.)",Recorded Lectures/Videos,4,3,5,3,3,4,4,4,4,4,2,2,In-person Courses
5/21/2020 14:42:04,Portugal,"Live classes (ie: Zoom, Google Meet etc.)","Live classes (ie: Zoom, google meet etc.)",2,2,3,2,5,1,5,4,4,4,2,3,In-person Courses
5/21/2020 14:44:22,Portugal,"Live classes (ie: Zoom, Google Meet etc.)",Recorded Lectures/Videos,5,4,4,4,5,5,4,4,4,4,4,4,Online Courses
5/21/2020 14:44:34,Portugal,"Live classes (ie: Zoom, Google Meet etc.)",Recorded Lectures/Videos,4,4,1,2,4,4,3,3,2,3,4,1,In-person Courses
5/21/2020 14:44:55,Portugal,"Live classes (ie: Zoom, Google Meet etc.)",Uploaded or emailed Materials,1,1,1,1,3,1,3,3,2,2,2,2,In-person Courses
5/21/2020 14:45:43,Portugal,"Live classes (ie: Zoom, Google Meet etc.)","Live classes (ie: Zoom, google meet etc.)",4,4,4,3,4,4,4,4,4,4,3,5,In-person Courses
5/21/2020 14:49:07,Portugal,"Live classes (ie: Zoom, Google Meet etc.)","Live classes (ie: Zoom, google meet etc.)",3,1,3,2,5,2,2,2,2,3,5,4,In-person Courses
5/21/2020 14:50:33,Portugal,"Live classes (ie: Zoom, Google Meet etc.)","Live classes (ie: Zoom, google meet etc.)",2,3,1,1,4,1,5,4,3,3,2,4,In-person Courses
5/21/2020 14:52:03,Portugal,"Live classes (ie: Zoom, Google Meet etc.)",Recorded Lectures/Videos,4,2,3,3,4,4,5,4,4,4,3,2,In-person Courses
5/21/2020 14:57:29,Portugal,"Live classes (ie: Zoom, Google Meet etc.)","Live classes (ie: Zoom, google meet etc.)",1,2,4,4,4,4,5,4,5,5,2,2,In-person Courses
5/21/2020 14:59:55,Portugal,"Live classes (ie: Zoom, Google Meet etc.)",Recorded Lectures/Videos,1,2,2,3,5,2,5,5,4,4,3,4,In-person Courses
5/21/2020 15:00:11,Portugal,"Live classes (ie: Zoom, Google Meet etc.)",Recorded Lectures/Videos,4,4,2,3,2,3,4,4,4,4,3,3,In-person Courses
5/21/2020 15:01:43,Portugal,"Live classes (ie: Zoom, Google Meet etc.)","Live classes (ie: Zoom, google meet etc.)",2,3,4,3,5,4,4,4,4,4,4,4,In-person Courses
5/21/2020 15:06:12,Portugal,"Live classes (ie: Zoom, Google Meet etc.)","Live classes (ie: Zoom, google meet etc.)",1,1,1,1,5,1,5,5,5,3,2,1,In-person Courses
5/21/2020 15:11:44,Portugal,"Live classes (ie: Zoom, Google Meet etc.)",Discussion forums/chats,4,4,4,4,2,5,5,5,5,5,1,4,In-person Courses
5/21/2020 15:13:21,Portugal,"Live classes (ie: Zoom, Google Meet etc.)","Live classes (ie: Zoom, google meet etc.)",4,3,3,4,5,4,5,5,4,3,2,4,In-person Courses
5/21/2020 15:15:39,Portugal,"Live classes (ie: Zoom, Google Meet etc.)","Live classes (ie: Zoom, google meet etc.)",2,2,3,4,5,3,5,5,4,5,2,2,In-person Courses
5/21/2020 15:15:44,Portugal,"Live classes (ie: Zoom, Google Meet etc.)","Live classes (ie: Zoom, google meet etc.)",4,4,4,4,3,4,4,4,4,4,3,4,In-person Courses
5/21/2020 15:22:48,Portugal,"Live classes (ie: Zoom, Google Meet etc.)","Live classes (ie: Zoom, google meet etc.)",2,2,3,2,4,3,4,4,3,2,4,3,In-person Courses
5/21/2020 15:26:16,Portugal,"Live classes (ie: Zoom, Google Meet etc.)","Live classes (ie: Zoom, google meet etc.)",3,2,2,2,4,1,5,5,4,4,3,1,In-person Courses
5/21/2020 15:27:20,Portugal,"Live classes (ie: Zoom, Google Meet etc.)","Live classes (ie: Zoom, google meet etc.)",3,3,2,2,4,2,4,2,3,4,5,2,In-person Courses
5/21/2020 15:33:08,Portugal,"Live classes (ie: Zoom, Google Meet etc.)",Recorded Lectures/Videos,2,1,4,5,2,4,5,5,5,5,2,5,In-person Courses
5/21/2020 15:34:28,Portugal,"Live classes (ie: Zoom, Google Meet etc.)","Live classes (ie: Zoom, google meet etc.)",4,3,2,2,3,3,3,3,3,3,4,2,Online Courses
5/21/2020 15:36:13,Portugal,"Live classes (ie: Zoom, Google Meet etc.)","Live classes (ie: Zoom, google meet etc.)",4,4,3,4,4,4,5,4,4,4,3,5,In-person Courses
5/21/2020 15:36:49,Portugal,"Live classes (ie: Zoom, Google Meet etc.)","Live classes (ie: Zoom, google meet etc.)",3,4,3,4,4,5,5,4,5,5,2,5,In-person Courses
5/21/2020 15:44:13,Portugal,"Live classes (ie: Zoom, Google Meet etc.)","Live classes (ie: Zoom, google meet etc.)",4,2,4,4,5,4,5,4,4,4,2,4,In-person Courses
5/21/2020 15:48:22,Portugal,"Live classes (ie: Zoom, Google Meet etc.)","Live classes (ie: Zoom, google meet etc.)",3,4,4,4,4,4,5,5,5,5,4,3,In-person Courses
5/21/2020 15:55:54,Portugal,"Live classes (ie: Zoom, Google Meet etc.)",Recorded Lectures/Videos,4,2,3,2,5,2,4,3,4,4,4,2,In-person Courses
5/21/2020 16:06:32,Portugal,"Live classes (ie: Zoom, Google Meet etc.)",Uploaded or emailed Materials,3,2,4,3,5,2,4,4,5,4,2,2,In-person Courses
5/21/2020 16:14:33,Portugal,"Live classes (ie: Zoom, Google Meet etc.)",Uploaded or emailed Materials,1,1,2,2,5,1,4,4,2,4,3,3,In-person Courses
5/21/2020 16:16:07,Portugal,"Live classes (ie: Zoom, Google Meet etc.)","Live classes (ie: Zoom, google meet etc.)",2,2,4,4,5,2,4,4,4,3,2,2,In-person Courses
5/21/2020 16:26:27,Portugal,"Live classes (ie: Zoom, Google Meet etc.)",Recorded Lectures/Videos,2,3,2,2,5,1,4,4,5,4,2,3,In-person Courses
5/21/2020 16:43:32,Portugal,"Live classes (ie: Zoom, Google Meet etc.)","Live classes (ie: Zoom, google meet etc.)",2,2,4,4,5,4,5,4,5,4,3,4,In-person Courses
5/21/2020 17:14:28,Portugal,"Live classes (ie: Zoom, Google Meet etc.)",Recorded Lectures/Videos,4,4,4,4,3,2,4,4,4,4,3,2,Online Courses
5/21/2020 17:31:13,Portugal,"Live classes (ie: Zoom, Google Meet etc.)",Recorded Lectures/Videos,4,3,2,2,4,1,4,4,4,4,3,5,Online Courses
5/21/2020 17:33:59,Portugal,"Live classes (ie: Zoom, Google Meet etc.)","Live classes (ie: Zoom, google meet etc.)",2,1,4,4,4,4,5,5,5,4,3,4,In-person Courses
5/21/2020 17:46:28,Portugal,"Live classes (ie: Zoom, Google Meet etc.)",Uploaded or emailed Materials,3,2,2,2,5,2,4,2,4,4,2,2,In-person Courses
5/21/2020 18:14:07,Portugal,"Live classes (ie: Zoom, Google Meet etc.)","Live classes (ie: Zoom, google meet etc.)",3,4,4,5,4,5,5,4,5,4,2,4,In-person Courses
5/21/2020 18:14:43,Portugal,"Live classes (ie: Zoom, Google Meet etc.)",Uploaded or emailed Materials,4,2,4,3,5,1,5,4,4,5,3,3,In-person Courses
5/21/2020 18:24:52,Portugal,"Live classes (ie: Zoom, Google Meet etc.)","Live classes (ie: Zoom, google meet etc.)",5,4,4,2,5,4,4,2,2,2,3,4,Online Courses
5/21/2020 18:32:27,Portugal,"Live classes (ie: Zoom, Google Meet etc.)",Recorded Lectures/Videos,2,2,1,3,4,3,5,4,5,4,2,3,In-person Courses
5/21/2020 18:49:54,Portugal,"Live classes (ie: Zoom, Google Meet etc.)",Recorded Lectures/Videos,4,2,3,4,5,2,5,5,4,4,3,3,Online Courses
5/21/2020 19:18:31,Portugal,"Live classes (ie: Zoom, Google Meet etc.)",Recorded Lectures/Videos,2,2,4,3,5,2,5,4,4,4,2,3,In-person Courses
5/21/2020 19:40:03,Portugal,"Live classes (ie: Zoom, Google Meet etc.)",Recorded Lectures/Videos,1,1,2,1,3,1,4,4,3,5,3,4,In-person Courses
5/21/2020 19:58:35,Portugal,"Live classes (ie: Zoom, Google Meet etc.)",Recorded Lectures/Videos,2,1,2,4,5,1,4,4,3,4,2,4,In-person Courses
5/21/2020 20:15:21,Portugal,"Live classes (ie: Zoom, Google Meet etc.)","Live classes (ie: Zoom, google meet etc.)",2,2,4,2,5,2,5,5,4,5,2,4,In-person Courses
5/21/2020 20:15:26,Portugal,"Live classes (ie: Zoom, Google Meet etc.)","Live classes (ie: Zoom, google meet etc.)",4,4,4,3,5,2,5,4,5,5,2,4,In-person Courses
5/21/2020 20:30:01,Portugal,"Live classes (ie: Zoom, Google Meet etc.)","Live classes (ie: Zoom, google meet etc.)",4,3,2,4,5,4,3,4,3,4,4,4,Online Courses
5/21/2020 20:50:56,Portugal,"Live classes (ie: Zoom, Google Meet etc.)",Recorded Lectures/Videos,2,2,3,3,4,3,4,4,5,4,2,3,In-person Courses
5/21/2020 21:18:46,Portugal,"Live classes (ie: Zoom, Google Meet etc.)","Live classes (ie: Zoom, google meet etc.)",3,2,3,4,4,4,3,4,4,4,1,2,In-person Courses
5/22/2020 3:18:21,Portugal,"Live classes (ie: Zoom, Google Meet etc.)","Live classes (ie: Zoom, google meet etc.)",4,3,5,4,4,1,5,4,3,3,2,5,In-person Courses
5/22/2020 3:37:49,Portugal,"Live classes (ie: Zoom, Google Meet etc.)","Live classes (ie: Zoom, google meet etc.)",5,4,4,5,3,5,5,5,5,5,4,5,In-person Courses
5/22/2020 3:47:24,Portugal,"Live classes (ie: Zoom, Google Meet etc.)",Recorded Lectures/Videos,4,3,2,4,5,3,4,4,3,4,3,2,Online Courses
5/22/2020 4:28:58,Portugal,"Live classes (ie: Zoom, Google Meet etc.)",Recorded Lectures/Videos,4,3,4,2,2,1,3,2,3,3,4,3,Online Courses
5/22/2020 4:52:33,Portugal,"Live classes (ie: Zoom, Google Meet etc.)",Recorded Lectures/Videos,4,4,2,3,3,1,2,4,3,4,3,1,Online Courses
5/22/2020 4:58:23,Portugal,"Live classes (ie: Zoom, Google Meet etc.)",Recorded Lectures/Videos,2,1,1,2,4,1,4,4,4,3,2,1,In-person Courses
5/22/2020 5:22:19,Portugal,"Live classes (ie: Zoom, Google Meet etc.)","Live classes (ie: Zoom, google meet etc.)",2,2,2,3,5,3,5,4,3,4,3,3,In-person Courses
5/22/2020 6:58:57,Portugal,"Live classes (ie: Zoom, Google Meet etc.)",Recorded Lectures/Videos,2,1,1,1,1,2,4,4,2,4,3,1,In-person Courses
5/22/2020 7:23:06,Portugal,"Live classes (ie: Zoom, Google Meet etc.)",Recorded Lectures/Videos,4,5,4,3,4,3,4,4,3,3,3,3,Online Courses
5/22/2020 9:28:07,Portugal,"Live classes (ie: Zoom, Google Meet etc.)","Live classes (ie: Zoom, google meet etc.)",2,1,2,2,4,2,5,4,4,4,1,4,In-person Courses
5/21/2020 14:42:34,Portugal,Recorded Lectures,Recorded Lectures/Videos,5,4,4,4,4,3,3,4,4,4,4,2,Online Courses
5/21/2020 15:08:16,Portugal,Recorded Lectures,Recorded Lectures/Videos,4,2,4,3,5,2,5,4,4,4,2,4,In-person Courses
5/21/2020 15:13:10,Portugal,Recorded Lectures,Recorded Lectures/Videos,4,3,4,2,2,1,4,3,2,3,2,2,Online Courses
5/21/2020 15:55:22,Portugal,Recorded Lectures,Recorded Lectures/Videos,4,2,2,2,5,3,4,4,4,3,3,3,In-person Courses
5/21/2020 16:28:12,Portugal,Recorded Lectures,"Live classes (ie: Zoom, google meet etc.)",4,2,1,2,4,2,5,4,4,4,5,2,In-person Courses
5/21/2020 16:59:58,Portugal,Recorded Lectures,"Live classes (ie: Zoom, google meet etc.)",5,4,2,3,3,4,5,4,4,3,5,4,Online Courses
5/21/2020 18:33:00,Portugal,Recorded Lectures,"Live classes (ie: Zoom, google meet etc.)",2,1,3,3,4,1,5,4,3,3,4,2,In-person Courses
5/21/2020 19:39:55,Portugal,Recorded Lectures,Recorded Lectures/Videos,5,5,4,4,2,4,4,4,3,3,4,4,In-person Courses
5/22/2020 1:59:18,Portugal,Recorded Lectures,"Live classes (ie: Zoom, google meet etc.)",4,3,2,3,3,5,4,4,4,3,2,5,In-person Courses
5/22/2020 3:15:15,Portugal,Recorded Lectures,Recorded Lectures/Videos,2,2,4,2,5,2,5,5,4,4,4,1,In-person Courses
5/22/2020 14:11:38,Portugal,Recorded Lectures,Recorded Lectures/Videos,4,3,3,3,4,3,5,4,4,4,3,4,In-person Courses
5/21/2020 14:48:03,Portugal,Uploaded or emailed Materials,Recorded Lectures/Videos,4,4,4,2,2,3,4,4,2,2,2,3,Online Courses
5/21/2020 14:52:13,Portugal,Uploaded or emailed Materials,"Live classes (ie: Zoom, google meet etc.)",1,1,1,1,5,5,5,4,4,4,2,3,In-person Courses
5/21/2020 14:57:55,Portugal,Uploaded or emailed Materials,"Live classes (ie: Zoom, google meet etc.)",2,3,2,2,4,4,4,4,4,4,3,3,In-person Courses
5/21/2020 16:30:35,Portugal,Uploaded or emailed Materials,"Live classes (ie: Zoom, google meet etc.)",1,1,1,2,5,2,5,5,4,4,3,4,In-person Courses
5/22/2020 4:32:43,Portugal,Uploaded or emailed Materials,"Live classes (ie: Zoom, google meet etc.)",2,3,1,2,5,1,4,4,4,4,2,2,In-person Courses
5/21/2020 20:40:37,Canada,Discussion forums/chats,Recorded Lectures/Videos,3,2,2,3,4,5,4,4,5,4,1,2,In-person Courses
5/21/2020 14:37:23,Canada,"Live classes (ie: Zoom, Google Meet etc.)","Live classes (ie: Zoom, google meet etc.)",4,3,2,4,4,3,4,4,4,4,4,2,In-person Courses
5/21/2020 14:39:17,Canada,"Live classes (ie: Zoom, Google Meet etc.)",Recorded Lectures/Videos,3,3,2,2,1,2,3,3,2,3,3,2,In-person Courses
5/21/2020 14:44:56,Canada,"Live classes (ie: Zoom, Google Meet etc.)","Live classes (ie: Zoom, google meet etc.)",5,4,5,4,4,5,4,4,5,5,4,3,Online Courses
5/21/2020 14:47:17,Canada,"Live classes (ie: Zoom, Google Meet etc.)","Live classes (ie: Zoom, google meet etc.)",1,1,2,2,5,3,5,5,5,5,1,4,In-person Courses
5/21/2020 14:49:14,Canada,"Live classes (ie: Zoom, Google Meet etc.)","Live classes (ie: Zoom, google meet etc.)",2,3,2,2,5,2,5,5,5,5,2,5,In-person Courses
5/21/2020 14:58:32,Canada,"Live classes (ie: Zoom, Google Meet etc.)","Live classes (ie: Zoom, google meet etc.)",2,3,4,3,4,4,5,5,5,4,2,4,In-person Courses
5/21/2020 14:59:13,Canada,"Live classes (ie: Zoom, Google Meet etc.)","Live classes (ie: Zoom, google meet etc.)",4,3,3,2,4,2,5,4,4,4,3,4,In-person Courses
5/21/2020 15:11:09,Canada,"Live classes (ie: Zoom, Google Meet etc.)","Live classes (ie: Zoom, google meet etc.)",1,1,3,2,5,3,5,5,5,5,1,5,In-person Courses
5/21/2020 15:12:05,Canada,"Live classes (ie: Zoom, Google Meet etc.)",Uploaded or emailed Materials,1,2,1,1,5,1,5,4,5,4,4,5,In-person Courses
5/21/2020 15:18:22,Canada,"Live classes (ie: Zoom, Google Meet etc.)",Uploaded or emailed Materials,4,2,4,4,5,2,4,4,4,4,4,2,In-person Courses
5/21/2020 15:21:35,Canada,"Live classes (ie: Zoom, Google Meet etc.)",Discussion forums/chats,4,4,4,4,5,4,4,4,4,4,5,2,In-person Courses
5/21/2020 15:22:27,Canada,"Live classes (ie: Zoom, Google Meet etc.)",Recorded Lectures/Videos,4,2,2,2,5,2,4,4,5,5,4,2,In-person Courses
5/21/2020 15:24:52,Canada,"Live classes (ie: Zoom, Google Meet etc.)",Uploaded or emailed Materials,3,3,3,2,4,4,5,5,5,5,2,4,In-person Courses
5/21/2020 15:32:21,Canada,"Live classes (ie: Zoom, Google Meet etc.)","Live classes (ie: Zoom, google meet etc.)",5,5,2,2,4,2,3,4,3,4,4,2,Online Courses
5/21/2020 15:50:01,Canada,"Live classes (ie: Zoom, Google Meet etc.)",Recorded Lectures/Videos,5,3,4,3,4,2,4,3,4,3,5,2,Online Courses
5/21/2020 15:57:12,Canada,"Live classes (ie: Zoom, Google Meet etc.)","Live classes (ie: Zoom, google meet etc.)",2,3,2,3,4,4,5,3,4,4,2,4,In-person Courses
5/21/2020 15:57:51,Canada,"Live classes (ie: Zoom, Google Meet etc.)",Uploaded or emailed Materials,2,2,4,2,5,4,5,4,4,4,3,4,In-person Courses
5/21/2020 16:23:10,Canada,"Live classes (ie: Zoom, Google Meet etc.)",Recorded Lectures/Videos,2,2,2,1,5,2,4,4,4,4,3,4,In-person Courses
5/21/2020 16:24:42,Canada,"Live classes (ie: Zoom, Google Meet etc.)",Recorded Lectures/Videos,4,4,3,2,5,2,5,4,4,4,3,3,In-person Courses
5/21/2020 16:26:53,Canada,"Live classes (ie: Zoom, Google Meet etc.)","Live classes (ie: Zoom, google meet etc.)",2,3,3,2,4,4,5,4,5,5,4,4,In-person Courses
5/21/2020 16:28:30,Canada,"Live classes (ie: Zoom, Google Meet etc.)",Recorded Lectures/Videos,3,2,2,2,5,2,4,3,3,3,3,4,In-person Courses
5/21/2020 16:29:10,Canada,"Live classes (ie: Zoom, Google Meet etc.)","Live classes (ie: Zoom, google meet etc.)",4,4,4,4,2,4,4,3,2,2,4,4,Online Courses
5/21/2020 16:42:08,Canada,"Live classes (ie: Zoom, Google Meet etc.)",Recorded Lectures/Videos,5,2,5,2,4,1,2,5,5,5,3,1,Online Courses
5/21/2020 16:49:02,Canada,"Live classes (ie: Zoom, Google Meet etc.)","Live classes (ie: Zoom, google meet etc.)",4,2,2,2,3,1,3,4,3,3,2,1,Online Courses
5/21/2020 17:02:39,Canada,"Live classes (ie: Zoom, Google Meet etc.)","Live classes (ie: Zoom, google meet etc.)",4,4,3,3,4,5,5,4,5,4,2,5,In-person Courses
5/21/2020 17:28:55,Canada,"Live classes (ie: Zoom, Google Meet etc.)",Recorded Lectures/Videos,2,3,2,3,3,1,4,4,3,4,2,3,In-person Courses
5/21/2020 17:46:48,Canada,"Live classes (ie: Zoom, Google Meet etc.)","Live classes (ie: Zoom, google meet etc.)",3,2,4,4,4,3,5,4,4,4,3,3,In-person Courses
5/21/2020 18:14:34,Canada,"Live classes (ie: Zoom, Google Meet etc.)",Recorded Lectures/Videos,2,3,2,2,4,2,5,4,4,5,2,2,In-person Courses
5/21/2020 18:24:41,Canada,"Live classes (ie: Zoom, Google Meet etc.)","Live classes (ie: Zoom, google meet etc.)",3,2,4,4,3,4,3,4,3,4,2,2,In-person Courses
5/21/2020 18:53:54,Canada,"Live classes (ie: Zoom, Google Meet etc.)","Live classes (ie: Zoom, google meet etc.)",3,4,3,3,5,4,5,5,4,4,3,4,In-person Courses
5/21/2020 19:22:36,Canada,"Live classes (ie: Zoom, Google Meet etc.)",Recorded Lectures/Videos,2,2,4,2,5,2,4,4,5,4,3,2,In-person Courses
5/21/2020 19:38:53,Canada,"Live classes (ie: Zoom, Google Meet etc.)",Recorded Lectures/Videos,1,1,1,2,5,4,5,5,5,5,3,5,In-person Courses
5/21/2020 20:25:53,Canada,"Live classes (ie: Zoom, Google Meet etc.)",Recorded Lectures/Videos,5,4,5,4,3,5,4,5,5,5,2,5,Online Courses
5/21/2020 22:02:37,Canada,"Live classes (ie: Zoom, Google Meet etc.)","Live classes (ie: Zoom, google meet etc.)",2,1,2,4,5,4,5,4,4,4,4,5,In-person Courses
5/22/2020 0:10:48,Canada,"Live classes (ie: Zoom, Google Meet etc.)",Discussion forums/chats,3,2,1,2,5,5,5,5,4,4,3,5,In-person Courses
5/22/2020 1:04:01,Canada,"Live classes (ie: Zoom, Google Meet etc.)","Live classes (ie: Zoom, google meet etc.)",2,2,4,3,4,2,5,4,5,4,2,4,In-person Courses
5/22/2020 4:55:09,Canada,"Live classes (ie: Zoom, Google Meet etc.)",Recorded Lectures/Videos,2,3,3,3,4,4,5,5,5,4,2,5,In-person Courses
5/22/2020 8:20:48,Canada,"Live classes (ie: Zoom, Google Meet etc.)","Live classes (ie: Zoom, google meet etc.)",2,2,4,2,5,4,4,4,4,4,4,4,In-person Courses
5/22/2020 8:32:04,Canada,"Live classes (ie: Zoom, Google Meet etc.)","Live classes (ie: Zoom, google meet etc.)",3,2,3,2,5,3,5,4,4,4,2,4,In-person Courses
5/22/2020 10:32:00,Canada,"Live classes (ie: Zoom, Google Meet etc.)","Live classes (ie: Zoom, google meet etc.)",4,4,4,4,3,4,4,4,2,4,4,2,Online Courses
5/22/2020 12:41:34,Canada,"Live classes (ie: Zoom, Google Meet etc.)","Live classes (ie: Zoom, google meet etc.)",3,4,4,4,5,4,4,5,4,5,4,4,In-person Courses
5/22/2020 13:16:06,Canada,"Live classes (ie: Zoom, Google Meet etc.)",Recorded Lectures/Videos,3,4,3,2,5,4,5,4,4,5,2,2,In-person Courses
5/22/2020 13:37:28,Canada,"Live classes (ie: Zoom, Google Meet etc.)","Live classes (ie: Zoom, google meet etc.)",4,4,4,3,4,3,5,4,4,4,2,3,In-person Courses
5/21/2020 14:36:50,Canada,Recorded Lectures,Recorded Lectures/Videos,1,2,2,1,1,1,5,4,5,4,3,3,In-person Courses
5/21/2020 14:49:40,Canada,Recorded Lectures,"Live classes (ie: Zoom, google meet etc.)",4,4,4,4,4,3,5,5,5,5,2,4,In-person Courses
5/21/2020 14:52:05,Canada,Recorded Lectures,"Live classes (ie: Zoom, google meet etc.)",2,2,3,3,4,2,4,4,4,4,3,4,In-person Courses
5/21/2020 14:55:26,Canada,Recorded Lectures,"Live classes (ie: Zoom, google meet etc.)",1,3,2,4,5,2,5,4,5,5,3,3,In-person Courses
5/21/2020 14:58:42,Canada,Recorded Lectures,Recorded Lectures/Videos,2,2,4,4,5,1,5,4,4,4,2,2,In-person Courses
5/21/2020 15:01:34,Canada,Recorded Lectures,Recorded Lectures/Videos,2,2,3,5,2,1,5,4,5,4,2,1,In-person Courses
5/21/2020 15:02:42,Canada,Recorded Lectures,Recorded Lectures/Videos,4,2,3,2,4,2,4,4,5,4,2,4,In-person Courses
5/21/2020 15:09:20,Canada,Recorded Lectures,"Live classes (ie: Zoom, google meet etc.)",1,4,2,1,2,2,5,5,4,4,1,4,In-person Courses
5/21/2020 15:10:18,Canada,Recorded Lectures,Recorded Lectures/Videos,2,2,2,4,4,2,5,5,5,5,2,4,Online Courses
5/21/2020 15:10:29,Canada,Recorded Lectures,"Live classes (ie: Zoom, google meet etc.)",2,2,3,3,5,4,5,4,4,4,4,4,In-person Courses
5/21/2020 15:14:09,Canada,Recorded Lectures,"Live classes (ie: Zoom, google meet etc.)",2,1,2,2,4,3,4,4,4,4,3,3,In-person Courses
5/21/2020 15:15:05,Canada,Recorded Lectures,Recorded Lectures/Videos,3,4,4,4,5,2,5,4,4,5,3,3,In-person Courses
5/21/2020 15:25:02,Canada,Recorded Lectures,"Live classes (ie: Zoom, google meet etc.)",2,1,1,1,5,4,5,5,4,5,2,5,In-person Courses
5/21/2020 15:34:15,Canada,Recorded Lectures,"Live classes (ie: Zoom, google meet etc.)",3,2,2,1,5,1,5,3,4,4,4,1,In-person Courses
5/21/2020 15:35:07,Canada,Recorded Lectures,"Live classes (ie: Zoom, google meet etc.)",2,3,2,2,4,3,5,5,5,4,1,4,In-person Courses
5/21/2020 15:35:41,Canada,Recorded Lectures,"Live classes (ie: Zoom, google meet etc.)",3,2,3,2,2,1,4,4,3,3,2,3,In-person Courses
5/21/2020 15:40:34,Canada,Recorded Lectures,Recorded Lectures/Videos,2,2,4,4,4,1,5,5,4,4,2,2,In-person Courses
5/21/2020 16:01:27,Canada,Recorded Lectures,Recorded Lectures/Videos,4,4,4,4,4,3,5,4,4,4,2,4,In-person Courses
5/21/2020 16:05:42,Canada,Recorded Lectures,Recorded Lectures/Videos,3,1,2,3,5,2,4,4,4,3,4,4,In-person Courses
5/21/2020 16:06:10,Canada,Recorded Lectures,"Live classes (ie: Zoom, google meet etc.)",2,1,3,1,4,3,4,4,4,3,3,2,In-person Courses
5/21/2020 16:13:48,Canada,Recorded Lectures,"Live classes (ie: Zoom, google meet etc.)",2,1,2,2,4,4,5,4,4,4,2,5,In-person Courses
5/21/2020 16:16:59,Canada,Recorded Lectures,Recorded Lectures/Videos,2,3,4,4,4,4,5,5,4,4,1,4,In-person Courses
5/21/2020 16:21:39,Canada,Recorded Lectures,Recorded Lectures/Videos,4,3,4,3,4,2,4,4,4,4,4,2,Online Courses
5/21/2020 16:34:00,Canada,Recorded Lectures,"Live classes (ie: Zoom, google meet etc.)",3,3,4,2,5,1,4,4,2,3,5,2,Online Courses
5/21/2020 16:52:41,Canada,Recorded Lectures,Recorded Lectures/Videos,5,3,4,4,5,5,5,5,5,3,2,1,Online Courses
5/21/2020 17:09:12,Canada,Recorded Lectures,Recorded Lectures/Videos,5,5,1,5,4,4,4,5,5,5,5,4,Online Courses
5/21/2020 17:39:34,Canada,Recorded Lectures,Recorded Lectures/Videos,3,3,4,4,5,2,5,4,5,4,3,2,In-person Courses
5/21/2020 18:26:30,Canada,Recorded Lectures,Recorded Lectures/Videos,4,4,4,4,4,2,4,4,4,4,5,1,Online Courses
5/21/2020 18:35:12,Canada,Recorded Lectures,Recorded Lectures/Videos,2,2,4,1,5,2,4,4,3,4,2,4,In-person Courses
5/21/2020 18:53:21,Canada,Recorded Lectures,Recorded Lectures/Videos,1,2,1,2,4,2,4,4,4,4,2,3,In-person Courses
5/21/2020 18:59:46,Canada,Recorded Lectures,Recorded Lectures/Videos,2,2,2,3,4,1,4,4,3,4,2,1,In-person Courses
5/21/2020 19:30:15,Canada,Recorded Lectures,Recorded Lectures/Videos,4,4,3,2,4,2,5,5,5,5,4,4,In-person Courses
5/21/2020 19:35:11,Canada,Recorded Lectures,Recorded Lectures/Videos,2,2,3,3,5,2,4,4,5,4,3,2,In-person Courses
5/21/2020 19:50:11,Canada,Recorded Lectures,"Live classes (ie: Zoom, google meet etc.)",2,1,3,3,4,4,4,4,3,3,3,2,In-person Courses
5/21/2020 20:17:17,Canada,Recorded Lectures,Recorded Lectures/Videos,3,4,3,3,3,3,5,5,5,5,1,5,In-person Courses
5/21/2020 20:50:41,Canada,Recorded Lectures,"Live classes (ie: Zoom, google meet etc.)",2,2,2,2,4,2,4,4,4,4,2,2,In-person Courses
5/21/2020 21:33:56,Canada,Recorded Lectures,"Live classes (ie: Zoom, google meet etc.)",3,2,3,3,5,4,4,4,4,4,3,5,In-person Courses
5/21/2020 21:53:57,Canada,Recorded Lectures,Recorded Lectures/Videos,1,1,3,2,5,1,5,5,4,4,2,3,In-person Courses
5/21/2020 22:09:19,Canada,Recorded Lectures,Recorded Lectures/Videos,3,3,4,4,3,2,4,4,4,5,2,3,In-person Courses
5/21/2020 22:16:26,Canada,Recorded Lectures,Recorded Lectures/Videos,4,1,4,3,5,4,4,4,4,4,5,4,In-person Courses
5/21/2020 23:52:34,Canada,Recorded Lectures,Recorded Lectures/Videos,1,4,3,4,5,3,5,5,4,5,3,2,In-person Courses
5/22/2020 0:43:13,Canada,Recorded Lectures,Discussion forums/chats,4,3,3,3,4,2,3,2,3,4,2,2,Online Courses
5/22/2020 2:08:06,Canada,Recorded Lectures,Recorded Lectures/Videos,5,4,4,4,4,4,4,5,4,4,2,2,Online Courses
5/22/2020 9:00:07,Canada,Recorded Lectures,Recorded Lectures/Videos,3,4,4,3,3,2,4,4,4,4,3,3,In-person Courses
5/22/2020 10:49:22,Canada,Recorded Lectures,Recorded Lectures/Videos,2,3,4,3,4,1,5,4,4,4,2,2,In-person Courses
5/22/2020 11:49:58,Canada,Recorded Lectures,Recorded Lectures/Videos,1,2,3,4,2,1,5,5,4,5,1,2,In-person Courses
5/22/2020 13:19:10,Canada,Recorded Lectures,"Live classes (ie: Zoom, google meet etc.)",2,2,2,4,5,2,4,4,4,4,2,2,In-person Courses
5/21/2020 14:40:22,Canada,Uploaded or emailed Materials,Recorded Lectures/Videos,3,2,3,4,4,1,5,5,4,4,2,3,In-person Courses
5/21/2020 14:43:00,Canada,Uploaded or emailed Materials,Recorded Lectures/Videos,3,3,3,3,2,2,4,4,4,4,2,4,In-person Courses
5/21/2020 14:57:07,Canada,Uploaded or emailed Materials,"Live classes (ie: Zoom, google meet etc.)",4,3,1,2,5,1,4,4,3,3,4,4,In-person Courses
5/21/2020 14:57:28,Canada,Uploaded or emailed Materials,Recorded Lectures/Videos,3,3,4,3,5,4,4,5,5,5,2,3,In-person Courses
5/21/2020 15:01:25,Canada,Uploaded or emailed Materials,Recorded Lectures/Videos,1,1,1,4,5,3,4,4,4,4,2,3,In-person Courses
5/21/2020 15:04:18,Canada,Uploaded or emailed Materials,Uploaded or emailed Materials,4,3,4,3,4,4,4,5,4,5,2,4,In-person Courses
5/21/2020 15:09:54,Canada,Uploaded or emailed Materials,"Live classes (ie: Zoom, google meet etc.)",4,3,2,1,4,4,4,4,4,2,5,3,In-person Courses
5/21/2020 15:18:19,Canada,Uploaded or emailed Materials,Recorded Lectures/Videos,2,2,2,2,5,1,4,4,4,3,2,4,In-person Courses
5/21/2020 15:21:59,Canada,Uploaded or emailed Materials,Uploaded or emailed Materials,2,2,3,3,4,1,4,4,5,3,3,3,In-person Courses
5/21/2020 15:29:35,Canada,Uploaded or emailed Materials,Recorded Lectures/Videos,2,2,2,3,4,4,4,4,3,3,4,4,In-person Courses
5/21/2020 15:30:16,Canada,Uploaded or emailed Materials,"Live classes (ie: Zoom, google meet etc.)",1,2,1,1,4,2,5,5,5,5,2,5,In-person Courses
5/21/2020 15:38:55,Canada,Uploaded or emailed Materials,Recorded Lectures/Videos,3,2,2,4,5,1,4,5,5,4,1,2,In-person Courses
5/21/2020 15:39:12,Canada,Uploaded or emailed Materials,"Live classes (ie: Zoom, google meet etc.)",1,1,3,2,4,2,5,4,4,4,2,4,In-person Courses
5/21/2020 15:55:07,Canada,Uploaded or emailed Materials,"Live classes (ie: Zoom, google meet etc.)",2,3,2,4,4,2,5,5,5,5,1,5,In-person Courses
5/21/2020 16:26:03,Canada,Uploaded or emailed Materials,Recorded Lectures/Videos,4,4,4,4,4,2,4,4,4,4,2,2,Online Courses
5/21/2020 17:22:10,Canada,Uploaded or emailed Materials,"Live classes (ie: Zoom, google meet etc.)",3,4,3,4,5,3,4,4,5,5,2,3,In-person Courses
5/21/2020 19:26:33,Canada,Uploaded or emailed Materials,"Live classes (ie: Zoom, google meet etc.)",3,4,2,2,3,4,5,5,4,4,3,4,In-person Courses
5/21/2020 20:12:30,Canada,Uploaded or emailed Materials,Recorded Lectures/Videos,3,2,5,3,2,4,4,3,4,3,2,1,In-person Courses
5/21/2020 21:26:24,Canada,Uploaded or emailed Materials,"Live classes (ie: Zoom, google meet etc.)",4,5,5,5,1,5,5,5,5,5,1,5,In-person Courses
5/22/2020 13:06:56,Canada,Uploaded or emailed Materials,"Live classes (ie: Zoom, google meet etc.)",2,2,2,2,2,5,5,5,5,4,2,4,In-person Courses